mod_id,module_name
1,ACC1002
2,ACC1002X
3,ACC1006
4,ACC2002
5,ACC4611
6,ACC4612A
7,ACC4612C
8,AR1102
9,AR1326
10,AR1721
11,AR1724
12,AR2102
13,AR2223
14,AR2327
15,AR3102
16,AR3323
17,AR3324
18,AR4102
19,AR4104
20,AR4323
21,AR5011
22,AR5221
23,BL5233
24,BN4201
25,BN4202
26,BN4203
27,BN4402
28,BN4404
29,BSP1004X
30,BSP1005
31,BSP2001
32,BSP2005
33,BSP3511
34,BSP4512
35,CE2112
36,CE2183
37,CE3101
38,CE3116
39,CE3132
40,CE3155
41,CE3165
42,CE4103
43,CE4104
44,CE4247
45,CE4258
46,CE5105
47,CE5106
48,CE5107
49,CE5204
50,CE5207
51,CE5513
52,CE5603
53,CE5604
54,CE5611
55,CE5805
56,CG3204L
57,CH1101E
58,CH2141
59,CH2228
60,CH2252
61,CH2273
62,CH2291
63,CH3226
64,CH3227
65,CH3243
66,CH3248
67,CH3261
68,CH4222
69,CH4224
70,CH4226
71,CH4244
72,CH4281
73,CL1101E
74,CL2103
75,CL2208
76,CL2209
77,CL2241
78,CL2281
79,CL3202
80,CL3203
81,CL3205
82,CL3281
83,CM1121
84,CM1161
85,CM1402
86,CM2101
87,CM2111
88,CM2121
89,CM2142
90,CM2263
91,CM3212
92,CM3221
93,CM3225
94,CM3232
95,CM3251
96,CM3261
97,CM3262
98,CM3264
99,CM3265
100,CM3291
101,CM3292
102,CM3296
103,CM3301
104,CM4215
105,CM4222
106,CM4223
107,CM4227
108,CM4236
109,CM4241
110,CM4268
111,CN1111
112,CN1111E
113,CN2108
114,CN2116
115,CN2116E
116,CN2125
117,CN2125E
118,CN3109
119,CN3124
120,CN3124E
121,CN4118E
122,CN4118R
123,CN4121
124,CN4203R
125,CN4208E
126,CN4210E
127,CN4211R
128,CN4215R
129,CN4223R
130,CN4227E
131,CN4227R
132,CN4247R
133,CN4248
134,CN4249
135,CN5111
136,CN5172
137,CN5191
138,CP3201
139,CS1010
140,CS1010E
141,CS1020
142,CS1020E
143,CS1231
144,CS2010
145,CS2020
146,CS2100
147,CS2101
148,CS2102
149,CS2103
150,CS2105
151,CS2106
152,CS2107
153,CS2281
154,CS3103
155,CS3201
156,CS3202
157,CS3211
158,CS3223
159,CS3225
160,CS3230
161,CS3234
162,CS3240
163,CS3241
164,CS3242
165,CS3243
166,CS3245
167,CS3247
168,CS3343
169,CS4215
170,CS4217
171,CS4220
172,CS4222
173,CS4231
174,CS4236
175,CS4244
176,CS4247
177,CS4340
178,CS4347
179,CS5218
180,CS5219
181,CS5222
182,CS5226
183,CS5230
184,CS5231
185,CS5233
186,CS5239
187,CS5241
188,CS5246
189,CS5247
190,CS5272
191,CS5321
192,DSC2006
193,DSC2008
194,DSC3201
195,DSC3202
196,DSC3203
197,DSC3213
198,DSC3214
199,DSC3216
200,DSC4211C
201,DSC4211G
202,DSC4213
203,DSC5211A
204,DSC5211C
205,EC1101E
206,EC1301
207,EC2101
208,EC2102
209,EC2104
210,EC2303
211,EC2373
212,EC3101
213,EC3102
214,EC3303
215,EC3304
216,EC3312
217,EC3314
218,EC3332
219,EC3333
220,EC3341
221,EC3351
222,EC3352
223,EC3353
224,EC3361
225,EC3371
226,EC3373
227,EC3377
228,EC3381
229,EC3394
230,EC3396
231,EC3880A
232,EC4101
233,EC4102
234,EC4303
235,EC4332
236,EC4333
237,EC4341
238,EC4351
239,EC4361
240,EC4371
241,EC4880
242,EE2011
243,EE2011E
244,EE2020E
245,EE2021E
246,EE2022
247,EE3001
248,EE3013C
249,EE3031
250,EE3032
251,EE3101E
252,EE3104C
253,EE3131C
254,EE3208
255,EE3208E
256,EE3304
257,EE3331C
258,EE3407
259,EE3407E
260,EE3431C
261,EE3431E
262,EE3501C
263,EE3501E
264,EE4104
265,EE4110
266,EE4112E
267,EE4114
268,EE4210
269,EE4212
270,EE4213
271,EE4218
272,EE4302
273,EE4306
274,EE4307
275,EE4401
276,EE4408
277,EE4415
278,EE4415E
279,EE4431
280,EE4432
281,EE4501
282,EE4509
283,EE4511
284,EE4603
285,EE4605
286,EE4702
287,EG1108
288,EG1109
289,EG1310
290,EG2401
291,EG2604
292,EL1101E
293,EL2201
294,EL2211
295,EL3202
296,EL3204
297,EL3207
298,EL3252
299,EL3257
300,EL3258
301,EL3880E
302,EL4201
303,EL4216
304,EL4254
305,EL4255
306,EN1101E
307,EN2201
308,EN2202
309,EN2203
310,EN3222
311,EN3229
312,EN3241
313,EN3249
314,EN3265
315,EN3880A
316,EN4223
317,EN4226
318,EN4247
319,EN4263
320,ES1000
321,ES1102
322,ES1501A
323,ES1501B
324,ES1501C
325,ES1531
326,ES2007S
327,ES2331
328,ESE2401
329,ESE3001
330,ESE4301
331,ESE4401
332,ESE4408
333,ESE4502
334,EU1101E
335,EU2203
336,EU2214
337,EU2221
338,EU3214
339,EU3224
340,EU3228
341,EU3230
342,EU4220
343,FIN2004
344,FIN3101A
345,FIN3101B
346,FIN3102A
347,FIN3102B
348,FIN3103A
349,FIN3103B
350,FIN3113
351,FIN3117
352,FIN3118
353,FIN3120B
354,FIN3130
355,FIN3131
356,FIN4112G
357,FIN4112H
358,FIN4112K
359,FIN4113
360,FMA1201B
361,FMA1201N
362,FMA1201Q
363,FMA1201S
364,FMA1202H
365,FMA1202N
366,FMA1202S
367,FMA1203M
368,FMC1203
369,FMD1201
370,FMD1203
371,FMD1204
372,FMS1202C
373,FMS1203S
374,FMS1204P
375,FMS1204S
376,FMS1205M
377,FMS1205P
378,FMS1207C
379,FMS1207M
380,FMS1208M
381,FMS1209C
382,FMS1209P
383,FMS1210C
384,FMS1215B
385,FMS1218B
386,FMS1219B
387,FMS1220B
388,FMS1221B
389,FST2102A
390,FST2106
391,FST2201
392,FST4102
393,FST4103
394,FST5202
395,FST5203
396,GE1101E
397,GE2101
398,GE2202
399,GE2206
400,GE2218
401,GE2228
402,GE2229
403,GE3204
404,GE3227
405,GE3231
406,GE3238
407,GE3240
408,GE4212
409,GE4218
410,GE4219
411,GE4222
412,GEK1000
413,GEK1001
414,GEK1002
415,GEK1003
416,GEK1005
417,GEK1008
418,GEK1011
419,GEK1012
420,GEK1022
421,GEK1029T
422,GEK1053
423,GEK1054
424,GEK1055
425,GEK1059
426,GEK1501
427,GEK1505
428,GEK1508
429,GEK1509
430,GEK1510
431,GEK1513
432,GEK1519
433,GEK1520
434,GEK1522
435,GEK1522T
436,GEK1523
437,GEK1524
438,GEK1527
439,GEK1531
440,GEK1538
441,GEK1540
442,GEK1544
443,GEK1547
444,GEK1548
445,GEK1900
446,GEK2001
447,GEK2003
448,GEK2005
449,GEK2010
450,GEK2013
451,GEK2025
452,GEK2030
453,GEK2033
454,GEK2034
455,GEK2037
456,GEK2042
457,GEK2044
458,GEK2506
459,GEK3007
460,GEM1003
461,GEM1004
462,GEM1023
463,GEM1033
464,GEM1035
465,GEM1501
466,GEM1505D
467,GEM1536
468,GEM1902A
469,GEM1902M
470,GEM1902R
471,GEM1902S
472,GEM1904
473,GEM1908
474,GEM1909
475,GEM1910
476,GEM1912B
477,GEM1912C
478,GEM2006
479,GEM2021
480,GEM2501
481,GEM2505
482,GEM2509
483,GEM2900
484,GEM2901
485,GEM2904
486,GL1101E
487,HR2002
488,HY1101E
489,HY2207
490,HY2229
491,HY2232
492,HY2239
493,HY2245
494,HY2250
495,HY2253
496,HY2259
497,HY3206
498,HY3209
499,HY3236
500,HY3245
501,HY3246
502,HY3248
503,HY3251
504,HY3252
505,HY4205
506,HY4209
507,HY4215
508,HY4225
509,ID1106
510,ID1112
511,ID1121
512,ID2112
513,ID2122
514,ID3124
515,IE2100E
516,IE2130
517,IE2130E
518,IE2140
519,IE2140E
520,IE2150E
521,IE3010E
522,IE3100E
523,IE4100E
524,IE4220
525,IE4220E
526,IE4229
527,IE4230
528,IE4230E
529,IE4251
530,IE5108
531,IEM1201F
532,IEM1201G
533,IEM1201L
534,IEM2201H
535,IS1103
536,IS1105
537,IS1112
538,IS2101
539,IS2103
540,IS2150
541,IS3101
542,IS3220
543,IS3221
544,IS3230
545,IS3240
546,IS3243
547,IS3250
548,IS3260
549,IS4150
550,IS4224
551,IS4226
552,IS4227
553,IS4240
554,IS4260
555,IT1001
556,IT1004
557,IT1006
558,IT2001
559,IT2002
560,JS1101E
561,JS2101
562,JS2213
563,JS2224
564,JS2230
565,JS3101
566,JS3210
567,JS3216
568,JS3223
569,JS4209
570,JS4214
571,JS4217
572,JS4225
573,LA4202
574,LA4212
575,LA4702
576,LA5222
577,LAB1201
578,LAB2201
579,LAB3201
580,LAB3202
581,LAB4201
582,LAB4202
583,LAC1201
584,LAC2201
585,LAC3201
586,LAC3202
587,LAC3204
588,LAC4202
589,LAF1201
590,LAF2201
591,LAF3202
592,LAF4202
593,LAG1201
594,LAG2201
595,LAG3202
596,LAG4202
597,LAH1201
598,LAH2201
599,LAH3202
600,LAJ1201
601,LAJ2201
602,LAJ2202
603,LAJ2203
604,LAJ3201
605,LAJ3202
606,LAJ3203
607,LAK1201
608,LAK2201
609,LAK3202
610,LAK4202
611,LAL1201
612,LAL2201
613,LAM1201
614,LAM2201
615,LAM3201
616,LAM3202
617,LAR1201
618,LAR2201
619,LAR3202
620,LAR4202
621,LAT1201
622,LAT2201
623,LAT3201
624,LAT3202
625,LAT4201
626,LAT4202
627,LAV1201
628,LAV2201
629,LAV3201
630,LAV4202
631,LL4025
632,LL4104
633,LSM1202
634,LSM1301
635,LSM1302
636,LSM1303
637,LSM2201A
638,LSM2202A
639,LSM2203
640,LSM2241
641,LSM2251
642,LSM3211
643,LSM3212
644,LSM3213
645,LSM3214
646,LSM3221
647,LSM3223
648,LSM3224
649,LSM3225
650,LSM3232
651,LSM3241
652,LSM3242
653,LSM3243
654,LSM3244
655,LSM3255
656,LSM3256
657,LSM3262
658,LSM3264
659,LSM3272
660,LSM4214
661,LSM4221
662,LSM4222
663,LSM4223
664,LSM4225
665,LSM4231
666,LSM4234
667,LSM4241
668,LSM4243
669,LSM4244
670,LSM4253
671,LSM4262
672,LSM4264
673,LSM4265
674,MA1101R
675,MA1102R
676,MA1104
677,MA1301
678,MA1312
679,MA1505
680,MA1506
681,MA1521
682,MA2101
683,MA2108
684,MA2213
685,MA2214
686,MA2216
687,MA3110
688,MA3111
689,MA3201
690,MA3215
691,MA3227
692,MA3238
693,MA3245
694,MA3252
695,MA3259
696,MA3266
697,MA3501
698,MA4207
699,MA4211
700,MA4229
701,MA4233
702,MA4235
703,MA4251
704,MA4254
705,MA4255
706,MA4266
707,MA5206
708,MA5210
709,MA5220
710,MA5232
711,ME2101
712,ME2101E
713,ME2114
714,ME2114E
715,ME2135
716,ME2135E
717,ME2143
718,ME2143E
719,ME3102
720,ME3221
721,ME3232
722,ME3233
723,ME3241
724,ME3241E
725,ME3251
726,ME3251E
727,ME3281
728,ME3291
729,ME4101
730,ME4101A
731,ME4212
732,ME4213
733,ME4213E
734,ME4225
735,ME4225E
736,ME4227
737,ME4231
738,ME4241
739,ME4246
740,ME4253
741,ME4255
742,ME4261
743,ME4261E
744,ME4262
745,ME4262E
746,ME4265
747,ME4284
748,MKT1003X
749,MKT2401A
750,MKT2401B
751,MKT2413
752,MKT3402A
753,MKT3402B
754,MKT3412
755,MKT3413
756,MKT3418A
757,MKT3418B
758,MKT3420
759,MKT3421
760,MKT3513
761,MKT4411
762,MKT4413
763,MKT4416
764,MLE1101
765,MLE2103
766,MLE2104
767,MLE2105
768,MLE3101
769,MLE4202
770,MLE4203
771,MLE4206
772,MLE4207
773,MLE4208
774,MNO1001X
775,MNO2007
776,MNO2009
777,MNO2302
778,MNO3301
779,MNO3303
780,MNO3313J
781,MNO3313K
782,MNO3321
783,MNO3330
784,MNO4313D
785,MNO4313E
786,MS2210
787,MS2211
788,MS2212
789,MS2213
790,MS3211
791,MS3212
792,MS3215
793,MS3216
794,MS3218
795,MS4201
796,MS4880A
797,MT4003
798,MUA1114
799,MUA3206
800,MUA3209
801,MUA3212
802,MUA3214
803,MUA3220
804,MUA3275
805,MUH3204
806,MUH4202
807,MUL3202
808,MUT3204
809,MUT3205
810,MUT3209
811,MUT3211
812,NM1101E
813,NM2101
814,NM2102
815,NM2201
816,NM2209
817,NM2210
818,NM2216
819,NM2217
820,NM2219
821,NM2220
822,NM3202
823,NM3204
824,NM3211
825,NM3214
826,NM3215
827,NM3217
828,NM3219
829,NM3220
830,NM3221
831,NM3227
832,NM3228
833,NM3229
834,NM3880A
835,NM4102
836,NM4200
837,NM4201
838,NM4202
839,NM4212
840,NM4218
841,NM4220
842,NM4221
843,NM4224
844,NM4226
845,NM4227
846,NUR1116
847,NUR1118
848,OT5203
849,OT5204
850,OT5205
851,OT5206
852,OT5207
853,PC1143
854,PC1144
855,PC1221
856,PC1222
857,PC1322
858,PC1323
859,PC1325
860,PC1327
861,PC1431
862,PC1432
863,PC2130
864,PC2131
865,PC2193
866,PC2230
867,PC3130
868,PC3193
869,PC3236
870,PC3238
871,PC3241
872,PC3243
873,PC3246
874,PC3251
875,PC3267
876,PC3280
877,PC4232
878,PC4240
879,PC4242
880,PC4243
881,PC4245
882,PC4253
883,PC4262
884,PC4264
885,PC4274
886,PF1103
887,PF1104
888,PF1105
889,PF2103
890,PF2104
891,PF2105
892,PF2108
893,PF2203
894,PF2303
895,PF3102
896,PF3103
897,PF3201
898,PF3203
899,PF3204
900,PF3303
901,PF4203
902,PF4205
903,PF4304
904,PH1102E
905,PH2110
906,PH2211
907,PH2212
908,PH2215
909,PH2216
910,PH2218
911,PH2220
912,PH2223
913,PH2242
914,PH2321
915,PH3202
916,PH3204
917,PH3217
918,PH3220
919,PH3241
920,PH3301
921,PH4202
922,PH4205
923,PH4211
924,PH4212
925,PH4213
926,PL1101E
927,PL2131
928,PL2132
929,PL3232
930,PL3233
931,PL3234
932,PL3235
933,PL3236
934,PL3237
935,PL3239
936,PL3240
937,PL3241
938,PL3242
939,PL3249
940,PL3250
941,PL3252
942,PL3281A
943,PL3281B
944,PL3281C
945,PL3286
946,PL3287
947,PL3288
948,PL4202
949,PL4205
950,PL4207
951,PL4208
952,PL4214
953,PL4217
954,PL4218
955,PL4219
956,PL4223
957,PL4224
958,PL4226
959,PL4227
960,PL4228
961,PL4229
962,PL4880I
963,PR2202
964,PR4201
965,PR4206
966,PS1101E
967,PS2203
968,PS2234
969,PS2237
970,PS2239
971,PS2240
972,PS2244
973,PS2245
974,PS2249
975,PS2255
976,PS3233
977,PS3240
978,PS3249
979,PS3257
980,PS3258
981,PS3259
982,PS3262
983,PS3263
984,PS3265
985,PS3266
986,PS3880C
987,PS4202
988,PS4203
989,PS4205
990,PS4208
991,PS4209
992,PS4217A
993,PS4219
994,PS4881B
995,PS4882E
996,PS4882F
997,QF3101
998,QF4201
999,RE1103
1000,RE1104
1001,RE2104
1002,RE2105
1003,RE2106
1004,RE2107
1005,RE2201
1006,RE2301
1007,RE3105
1008,RE3106
1009,RE3201
1010,RE3211
1011,RE3212
1012,RE3221
1013,RE3222
1014,RE3301
1015,RE4213
1016,RE4223
1017,RE4901
1018,RE4902
1019,RE4904
1020,RE4906
1021,SC1101E
1022,SC2101
1023,SC2202
1024,SC2204
1025,SC2209
1026,SC2211
1027,SC2212
1028,SC2214
1029,SC2220
1030,SC2221
1031,SC2222
1032,SC3101
1033,SC3204
1034,SC3206
1035,SC3208
1036,SC3211
1037,SC3213
1038,SC3216
1039,SC3220
1040,SC3222
1041,SC3224
1042,SC4101
1043,SC4203
1044,SC4221
1045,SC4222
1046,SC4223
1047,SC4224
1048,SC4883
1049,SE1101E
1050,SE2210
1051,SE2212
1052,SE2217
1053,SE2221
1054,SE3216
1055,SE3218
1056,SE3219
1057,SE3224
1058,SE4218
1059,SH5004
1060,SN1101E
1061,SN2213
1062,SN2233
1063,SN2271
1064,SN2277
1065,SN2278
1066,SN3262
1067,SN3275
1068,SN4401
1069,SP1001
1070,SP1202
1071,SP2251
1072,SSA1201
1073,SSA1202
1074,SSA1207
1075,SSA1208
1076,SSA2202
1077,SSA2203
1078,SSA2204
1079,SSA2205
1080,SSA2209
1081,SSA2211
1082,SSA2214
1083,SSA2215
1084,SSA2220
1085,SSA2222
1086,SSA3201
1087,SSA3205
1088,SSB1204
1089,SSB1204T
1090,SSB2216
1091,SSD2213
1092,SSS1207
1093,SSU2000
1094,SSU2003
1095,ST1131
1096,ST2131
1097,ST2132
1098,ST2334
1099,ST3131
1100,ST3232
1101,ST3236
1102,ST3239
1103,ST3241
1104,ST3242
1105,ST3244
1106,ST4232
1107,ST4238
1108,ST4240
1109,ST4242
1110,ST4245
1111,ST5218
1112,SW1101E
1113,SW2101
1114,SW2104
1115,SW2105
1116,SW2106
1117,SW3101
1118,SW3203
1119,SW3208
1120,SW3217
1121,SW4208
1122,SW4213
1123,SW4216
1124,TC1401
1125,TC1422
1126,TC2401
1127,TE2002
1128,TE2003
1129,TE2101
1130,TE3201
1131,TE3801
1132,TE4001
1133,TG1401
1134,TG2415
1135,TM2401
1136,TM3101
1137,TM4101
1138,TM4209
1139,TP5026
1140,TP5028
1141,TR2201
1142,TR2202
1143,TR3001
1144,TR3002
1145,TS1101E
1146,TS2217
1147,TS2236
1148,TS2240
1149,TS3103
1150,TS3233
1151,TS3234
1152,TS3235
1153,TS3237
1154,TS3238
1155,TS3242
1156,TS3243
1157,TS4213
1158,TS4217
1159,TS4880B
1160,UAR2201
1161,UCV2207
1162,UHB2204
1163,UIT2201
1164,UIT2206
1165,ULS2201
1166,ULS2202
1167,ULS2204
1168,ULS2205
1169,ULT2299A
1170,ULT2299D
1171,UNL2205
1172,UNL2206
1173,UPC2206
1174,UPC2207
1175,UPC2208
1176,UPI2206
1177,UPI2207
1178,UQR2210
1179,USE2208
1180,USE2304
1181,USE2306
1182,USE2307
1183,USE2309
1184,USE2312
1185,USP3506
1186,USP3508
1187,USP3509
1188,USR4001A
